"albimanus";"atroparvus";"gambiae";"steph";"funestus"
"AALB004339";"AATE005637";"AGAP005241";"ASTE002998";"AFUN010121"
"AALB004383";"AATE013144";"AGAP005295";"ASTE011137";"AFUN008479"
"AALB007856";"AATE018858";"AGAP010210";"ASTE003720";"AFUN001901"
"AALB007293";"AATE003326";"AGAP005082";"ASTE010521";"AFUN003038"
"AALB007478";"AATE002091";"AGAP004707";"ASTE003653";"AFUN000494"
"AALB003693";"AATE007542";"AGAP004694";"ASTE003669";"AFUN006530"
"AALB004074";"AATE001426";"AGAP004855";"ASTE007999";"AFUN008495"
"AALB004074";"AATE001426";"AGAP004855";"ASTE007999";"AFUN008494"
"AALB004866";"AATE001622";"AGAP005263";"ASTE008029";"AFUN008014"
"AALB007839";"AATE005166";"AGAP010173";"ASTE000014";"AFUN002222"
"AALB007850";"AATE004569";"AGAP010205";"ASTE005504";"AFUN001894"
"AALB007889";"AATE005641";"AGAP006187";"ASTE010953";"AFUN003131"
"AALB007889";"AATE005641";"AGAP006187";"ASTE010954";"AFUN003131"
"AALB004858";"AATE004880";"AGAP004832";"ASTE008021";"AFUN011525"
"AALB006683";"AATE021100";"AGAP000881";"ASTE000363";"AFUN016214"
"AALB004372";"AATE018517";"AGAP005306";"ASTE005809";"AFUN007084"
"AALB007842";"AATE003485";"AGAP010197";"ASTE005495";"AFUN001884"
"AALB007928";"AATE019794";"AGAP010108";"ASTE009104";"AFUN000065"
"AALB007928";"AATE019794";"AGAP010121";"ASTE009104";"AFUN000065"
"AALB007928";"AATE019794";"AGAP010104";"ASTE009104";"AFUN000065"
"AALB007928";"AATE019794";"AGAP010102";"ASTE009104";"AFUN000065"
"AALB007928";"AATE019794";"AGAP010107";"ASTE009104";"AFUN000065"
"AALB007928";"AATE019794";"AGAP010105";"ASTE009104";"AFUN000065"
"AALB007928";"AATE019794";"AGAP010106";"ASTE009104";"AFUN000065"
"AALB007928";"AATE019794";"AGAP010103";"ASTE009104";"AFUN000065"
"AALB007928";"AATE019794";"AGAP010108";"ASTE009104";"AFUN000066"
"AALB007928";"AATE019794";"AGAP010121";"ASTE009104";"AFUN000066"
"AALB007928";"AATE019794";"AGAP010104";"ASTE009104";"AFUN000066"
"AALB007928";"AATE019794";"AGAP010102";"ASTE009104";"AFUN000066"
"AALB007928";"AATE019794";"AGAP010107";"ASTE009104";"AFUN000066"
"AALB007928";"AATE019794";"AGAP010105";"ASTE009104";"AFUN000066"
"AALB007928";"AATE019794";"AGAP010106";"ASTE009104";"AFUN000066"
"AALB007928";"AATE019794";"AGAP010103";"ASTE009104";"AFUN000066"
"AALB007928";"AATE019794";"AGAP010108";"ASTE009103";"AFUN000065"
"AALB007928";"AATE019794";"AGAP010121";"ASTE009103";"AFUN000065"
"AALB007928";"AATE019794";"AGAP010104";"ASTE009103";"AFUN000065"
"AALB007928";"AATE019794";"AGAP010102";"ASTE009103";"AFUN000065"
"AALB007928";"AATE019794";"AGAP010107";"ASTE009103";"AFUN000065"
"AALB007928";"AATE019794";"AGAP010105";"ASTE009103";"AFUN000065"
"AALB007928";"AATE019794";"AGAP010106";"ASTE009103";"AFUN000065"
"AALB007928";"AATE019794";"AGAP010103";"ASTE009103";"AFUN000065"
"AALB007928";"AATE019794";"AGAP010108";"ASTE009103";"AFUN000066"
"AALB007928";"AATE019794";"AGAP010121";"ASTE009103";"AFUN000066"
"AALB007928";"AATE019794";"AGAP010104";"ASTE009103";"AFUN000066"
"AALB007928";"AATE019794";"AGAP010102";"ASTE009103";"AFUN000066"
"AALB007928";"AATE019794";"AGAP010107";"ASTE009103";"AFUN000066"
"AALB007928";"AATE019794";"AGAP010105";"ASTE009103";"AFUN000066"
"AALB007928";"AATE019794";"AGAP010106";"ASTE009103";"AFUN000066"
"AALB007928";"AATE019794";"AGAP010103";"ASTE009103";"AFUN000066"
"AALB007928";"AATE019794";"AGAP010108";"ASTE009101";"AFUN000065"
"AALB007928";"AATE019794";"AGAP010121";"ASTE009101";"AFUN000065"
"AALB007928";"AATE019794";"AGAP010104";"ASTE009101";"AFUN000065"
"AALB007928";"AATE019794";"AGAP010102";"ASTE009101";"AFUN000065"
"AALB007928";"AATE019794";"AGAP010107";"ASTE009101";"AFUN000065"
"AALB007928";"AATE019794";"AGAP010105";"ASTE009101";"AFUN000065"
"AALB007928";"AATE019794";"AGAP010106";"ASTE009101";"AFUN000065"
"AALB007928";"AATE019794";"AGAP010103";"ASTE009101";"AFUN000065"
"AALB007928";"AATE019794";"AGAP010108";"ASTE009101";"AFUN000066"
"AALB007928";"AATE019794";"AGAP010121";"ASTE009101";"AFUN000066"
"AALB007928";"AATE019794";"AGAP010104";"ASTE009101";"AFUN000066"
"AALB007928";"AATE019794";"AGAP010102";"ASTE009101";"AFUN000066"
"AALB007928";"AATE019794";"AGAP010107";"ASTE009101";"AFUN000066"
"AALB007928";"AATE019794";"AGAP010105";"ASTE009101";"AFUN000066"
"AALB007928";"AATE019794";"AGAP010106";"ASTE009101";"AFUN000066"
"AALB007928";"AATE019794";"AGAP010103";"ASTE009101";"AFUN000066"
"AALB004815";"AATE005662";"AGAP005394";"ASTE000556";"AFUN000439"
"AALB007350";"AATE002846";"AGAP005091";"ASTE010523";"AFUN003036"
"AALB004375";"AATE020567";"AGAP005300";"ASTE011131";"AFUN007087"
"AALB004382";"AATE008484";"AGAP005297";"ASTE011136";"AFUN008481"
"AALB007458";"AATE002772";"AGAP004696";"ASTE003665";"AFUN000505"
"AALB004757";"AATE001973";"AGAP004823";"ASTE006113";"AFUN006777"
"AALB005827";"AATE003598";"AGAP005661";"ASTE009568";"AFUN015735"
"AALB005827";"AATE003598";"AGAP005661";"ASTE009567";"AFUN015735"
"AALB002926";"AATE007043";"AGAP010292";"ASTE009665";"AFUN003177"
"AALB002926";"AATE007043";"AGAP010292";"ASTE009665";"AFUN003176"
"AALB008771";"AATE017754";"AGAP010258";"ASTE009636";"AFUN003145"
"AALB006128";"AATE011682";"AGAP005652";"ASTE009561";"AFUN004879"
"AALB015714";"AATE001426";"AGAP004855";"ASTE007999";"AFUN008495"
"AALB015714";"AATE001426";"AGAP004855";"ASTE007999";"AFUN008494"
"AALB004861";"AATE001180";"AGAP004829";"ASTE008024";"AFUN011174"
"AALB004861";"AATE001180";"AGAP004829";"ASTE008024";"AFUN011522"
"AALB007848";"AATE018206";"AGAP010203";"ASTE005502";"AFUN001892"
"AALB007868";"AATE018497";"AGAP010223";"ASTE003706";"AFUN001913"
"AALB007349";"AATE003827";"AGAP005088";"ASTE010522";"AFUN003037"
"AALB004400";"AATE018053";"AGAP005275";"ASTE011158";"AFUN008460"
"AALB004343";"AATE000330";"AGAP005236";"ASTE003002";"AFUN010117"
"AALB002929";"AATE000031";"AGAP012488";"ASTE003695";"AFUN012029"
"AALB002929";"AATE000031";"AGAP012452";"ASTE003695";"AFUN012029"
"AALB002929";"AATE000031";"AGAP028650";"ASTE003695";"AFUN012029"
"AALB002929";"AATE000031";"AGAP012488";"ASTE003695";"AFUN011861"
"AALB002929";"AATE000031";"AGAP012452";"ASTE003695";"AFUN011861"
"AALB002929";"AATE000031";"AGAP028650";"ASTE003695";"AFUN011861"
"AALB002929";"AATE000031";"AGAP012488";"ASTE003694";"AFUN012029"
"AALB002929";"AATE000031";"AGAP012452";"ASTE003694";"AFUN012029"
"AALB002929";"AATE000031";"AGAP028650";"ASTE003694";"AFUN012029"
"AALB002929";"AATE000031";"AGAP012488";"ASTE003694";"AFUN011861"
"AALB002929";"AATE000031";"AGAP012452";"ASTE003694";"AFUN011861"
"AALB002929";"AATE000031";"AGAP028650";"ASTE003694";"AFUN011861"
"AALB007906";"AATE020858";"AGAP010152";"ASTE007946";"AFUN002203"
"AALB007518";"AATE014119";"AGAP004798";"ASTE006090";"AFUN006795"
"AALB002924";"AATE001225";"AGAP010298";"ASTE009682";"AFUN008184"
"AALB004629";"AATE002993";"AGAP007026";"ASTE008326";"AFUN000578"
"AALB004346";"AATE013150";"AGAP005233";"ASTE003005";"AFUN010112"
"AALB008778";"AATE002140";"AGAP010189";"ASTE005486";"AFUN001875"
"AALB001283";"AATE016945";"AGAP010269";"ASTE009646";"AFUN003156"
"AALB004742";"AATE003675";"AGAP004884";"ASTE007969";"AFUN006763"
"AALB004816";"AATE019636";"AGAP005393";"ASTE000555";"AFUN000438"
"AALB007898";"AATE013198";"AGAP010163";"ASTE007955";"AFUN002213"
"AALB004623";"AATE007662";"AGAP005627";"ASTE009536";"AFUN004856"
"AALB004623";"AATE007662";"AGAP012924";"ASTE009536";"AFUN004856"
"AALB007471";"AATE013052";"AGAP004767";"ASTE003594";"AFUN010977"
"AALB004311";"AATE012710";"AGAP004845";"ASTE008009";"AFUN008504"
"AALB004739";"AATE014060";"AGAP004881";"ASTE007972";"AFUN006759"
"AALB007409";"AATE012242";"AGAP000365";"ASTE010877";"AFUN000276"
"AALB007476";"AATE008299";"AGAP004758";"ASTE003618";"AFUN010984"
"AALB004863";"AATE001757";"AGAP004828";"ASTE008025";"AFUN011175"
"AALB004863";"AATE001757";"AGAP004828";"ASTE008025";"AFUN008011"
"AALB004863";"AATE001757";"AGAP004828";"ASTE008026";"AFUN011175"
"AALB004863";"AATE001757";"AGAP004828";"ASTE008026";"AFUN008011"
"AALB004075";"AATE001426";"AGAP004855";"ASTE007999";"AFUN008495"
"AALB004075";"AATE001426";"AGAP004855";"ASTE007999";"AFUN008494"
"AALB004749";"AATE014433";"AGAP004891";"ASTE011345";"AFUN006770"
"AALB007292";"AATE006332";"AGAP005076";"ASTE007181";"AFUN008948"
"AALB015492";"AATE016802";"AGAP004744";"ASTE003605";"AFUN000453"
"AALB007459";"AATE007628";"AGAP004698";"ASTE003664";"AFUN000503"
"AALB002940";"AATE020830";"AGAP010282";"ASTE009658";"AFUN003169"
"AALB004316";"AATE014683";"AGAP004840";"ASTE008013";"AFUN008510"
"AALB007291";"AATE002135";"AGAP005079";"ASTE010518";"AFUN003041"
"AALB007923";"AATE015735";"AGAP010129";"ASTE009109";"AFUN000059"
"AALB005831";"AATE020862";"AGAP005654";"ASTE009563";"AFUN004882"
"AALB007866";"AATE005394";"AGAP010221";"ASTE003709";"AFUN001911"
"AALB007866";"AATE015356";"AGAP010221";"ASTE003709";"AFUN001911"
"AALB009758";"AATE017970";"AGAP000421";"ASTE011309";"AFUN009523"
"AALB009758";"AATE017970";"AGAP011534";"ASTE011309";"AFUN009523"
"AALB009758";"AATE017970";"AGAP000421";"ASTE011309";"AFUN006840"
"AALB009758";"AATE017970";"AGAP011534";"ASTE011309";"AFUN006840"
"AALB007849";"AATE007637";"AGAP010204";"ASTE005503";"AFUN001893"
"AALB008802";"AATE006399";"AGAP012518";"ASTE009673";"AFUN003183"
"AALB007851";"AATE012066";"AGAP010206";"ASTE005505";"AFUN001895"
"AALB004369";"AATE019882";"AGAP005210";"ASTE003026";"AFUN006872"
"AALB006129";"AATE011301";"AGAP005653";"ASTE009562";"AFUN004880"
"AALB004312";"AATE008558";"AGAP004841";"ASTE008012";"AFUN008507"
"AALB004856";"AATE016235";"AGAP004833";"ASTE008020";"AFUN011813"
"AALB007509";"AATE005243";"AGAP004784";"ASTE003573";"AFUN010958"
"AALB007883";"AATE000430";"AGAP010241";"ASTE010947";"AFUN003125"
"AALB007289";"AATE009177";"AGAP005081";"ASTE010520";"AFUN003039"
"AALB007878";"AATE019747";"AGAP010234";"ASTE010941";"AFUN001923"
"AALB007878";"AATE019747";"AGAP010234";"ASTE010941";"AFUN003119"
"AALB007874";"AATE000008";"AGAP010228";"ASTE003700";"AFUN001917"
"AALB004322";"AATE012512";"AGAP005254";"ASTE008770";"AFUN008024"
"AALB008772";"AATE006442";"AGAP010257";"ASTE009635";"AFUN003144"
"AALB002925";"AATE008072";"AGAP012485";"ASTE009681";"AFUN008185"
"AALB004340";"AATE008600";"AGAP005240";"ASTE002999";"AFUN010120"
"AALB002920";"AATE001131";"AGAP010303";"ASTE010619";"AFUN008180"
"AALB007843";"AATE000210";"AGAP010198";"ASTE005496";"AFUN001885"
"AALB008780";"AATE000648";"AGAP010190";"ASTE005488";"AFUN001877"
"AALB007862";"AATE005444";"AGAP010218";"ASTE003714";"AFUN001907"
"AALB002918";"AATE011648";"AGAP010294";"ASTE009667";"AFUN003179"
"AALB004313";"AATE017912";"AGAP004842";"ASTE008011";"AFUN008506"
"AALB004753";"AATE000686";"AGAP004825";"ASTE006117";"AFUN006774"
"AALB008794";"AATE014324";"AGAP010288";"ASTE009662";"AFUN003172"
"AALB008783";"AATE015696";"AGAP010193";"ASTE005491";"AFUN001880"
"AALB004308";"AATE003392";"AGAP004849";"ASTE008004";"AFUN008500"
"AALB004308";"AATE003392";"AGAP004849";"ASTE008005";"AFUN008500"
"AALB009745";"AATE015564";"AGAP004746";"ASTE003607";"AFUN000451"
"AALB009744";"AATE017109";"AGAP004693";"ASTE003671";"AFUN006529"
"AALB004387";"AATE014879";"AGAP005291";"ASTE011142";"AFUN008474"
"AALB004810";"AATE014931";"AGAP005399";"ASTE000561";"AFUN000443"
"AALB015480";"AATE011634";"AGAP010195";"ASTE005493";"AFUN001882"
"AALB002936";"AATE013823";"AGAP010281";"ASTE009657";"AFUN003168"
"AALB007864";"AATE009331";"AGAP010219";"ASTE003712";"AFUN001909"
"AALB014418";"AATE008497";"AGAP005252";"ASTE008769";"AFUN006054"
"AALB007829";"AATE010593";"AGAP005071";"ASTE009141";"AFUN008955"
"AALB004867";"AATE018219";"AGAP005262";"ASTE008030";"AFUN008015"
"AALB004327";"AATE016362";"AGAP005248";"ASTE008764";"AFUN006049"
"AALB002939";"AATE013620";"AGAP010283";"ASTE009659";"AFUN003170"
"AALB007884";"AATE019607";"AGAP010242";"ASTE010948";"AFUN003127"
"AALB008776";"AATE000417";"AGAP010186";"ASTE005483";"AFUN002236"
"AALB007934";"AATE013191";"AGAP010094";"ASTE009097";"AFUN000070"
"AALB007934";"AATE013191";"AGAP013723";"ASTE009097";"AFUN000070"
"AALB005824";"AATE000572";"AGAP005662";"ASTE009570";"AFUN004890"
"AALB007865";"AATE015852";"AGAP010220";"ASTE003710";"AFUN001910"
"AALB006903";"AATE017970";"AGAP000421";"ASTE011309";"AFUN009523"
"AALB006903";"AATE017970";"AGAP011534";"ASTE011309";"AFUN009523"
"AALB006903";"AATE017970";"AGAP000421";"ASTE011309";"AFUN006840"
"AALB006903";"AATE017970";"AGAP011534";"ASTE011309";"AFUN006840"
"AALB014723";"AATE012194";"AGAP010179";"ASTE000020";"AFUN002227"
"AALB007913";"AATE004951";"AGAP010143";"ASTE007939";"AFUN002195"
"AALB004859";"AATE009193";"AGAP004831";"ASTE008022";"AFUN011524"
"AALB004637";"AATE016582";"AGAP007017";"ASTE008318";"AFUN000587"
"AALB004733";"AATE005747";"AGAP004875";"ASTE007978";"AFUN006753"
"AALB004733";"AATE005747";"AGAP004875";"ASTE007978";"AFUN006752"
"AALB007899";"AATE021162";"AGAP010162";"ASTE007954";"AFUN002212"
"AALB004870";"AATE012452";"AGAP005259";"ASTE008033";"AFUN008018"
"AALB004735";"AATE006504";"AGAP004877";"ASTE007976";"AFUN006755"
"AALB005830";"AATE014920";"AGAP012873";"ASTE009564";"AFUN004883"
"AALB005830";"AATE014920";"AGAP005655";"ASTE009564";"AFUN004883"
"AALB007840";"AATE003885";"AGAP010180";"ASTE000021";"AFUN002228"
"AALB004824";"AATE001962";"AGAP005693";"ASTE009590";"AFUN007013"
"AALB004631";"AATE009918";"AGAP007023";"ASTE008324";"AFUN000581"
"AALB004754";"AATE012214";"AGAP004824";"ASTE006116";"AFUN006775"
"AALB007854";"AATE000762";"AGAP010209";"ASTE005509";"AFUN001900"
"AALB007854";"AATE000762";"AGAP010209";"ASTE003721";"AFUN001900"
"AALB008803";"AATE013954";"AGAP012439";"ASTE009672";"AFUN003182"
"AALB004370";"AATE003462";"AGAP005209";"ASTE003027";"AFUN006871"
"AALB007867";"AATE010819";"AGAP010222";"ASTE003707";"AFUN001912"
"AALB007472";"AATE018769";"AGAP004768";"ASTE003593";"AFUN010976"
"AALB004335";"AATE009233";"AGAP005244";"ASTE007261";"AFUN010125"
"AALB004335";"AATE009233";"AGAP005244";"ASTE002993";"AFUN010125"
"AALB005823";"AATE004922";"AGAP005672";"ASTE009576";"AFUN006033"
"AALB005823";"AATE004922";"AGAP012831";"ASTE009576";"AFUN006033"
"AALB004862";"AATE001180";"AGAP004829";"ASTE008024";"AFUN011174"
"AALB004862";"AATE001180";"AGAP004829";"ASTE008024";"AFUN011522"
"AALB004497";"AATE008788";"AGAP005682";"ASTE009585";"AFUN007008"
"AALB004393";"AATE020656";"AGAP005285";"ASTE011149";"AFUN008468"
"AALB004732";"AATE018815";"AGAP004874";"ASTE007979";"AFUN006751"
"AALB007907";"AATE016740";"AGAP010151";"ASTE007945";"AFUN002202"
"AALB004744";"AATE013137";"AGAP004886";"ASTE007558";"AFUN006765"
"AALB004744";"AATE013137";"AGAP004886";"ASTE007967";"AFUN006765"
"AALB004746";"AATE015504";"AGAP004888";"ASTE011342";"AFUN006767"
"AALB004401";"AATE017453";"AGAP005274";"ASTE011159";"AFUN008459"
"AALB004860";"AATE015019";"AGAP004830";"ASTE008023";"AFUN011523"
"AALB004641";"AATE014109";"AGAP007010";"ASTE007864";"AFUN000592"
"AALB004641";"AATE014109";"AGAP007010";"ASTE007863";"AFUN000592"
"AALB007901";"AATE016319";"AGAP010158";"ASTE007951";"AFUN002208"
"AALB004367";"AATE013500";"AGAP005212";"ASTE003024";"AFUN006874"
"AALB004850";"AATE014040";"AGAP004866";"ASTE007987";"AFUN008383"
"AALB004402";"AATE004942";"AGAP005273";"ASTE011160";"AFUN008458"
"AALB007510";"AATE018040";"AGAP004786";"ASTE006080";"AFUN010956"
"AALB007510";"AATE018040";"AGAP004773";"ASTE006080";"AFUN010956"
"AALB004848";"AATE001908";"AGAP004869";"ASTE007985";"AFUN008381"
"AALB004848";"AATE001908";"AGAP004868";"ASTE007985";"AFUN008381"
"AALB004341";"AATE009753";"AGAP005239";"ASTE003000";"AFUN010119"
"AALB001284";"AATE015484";"AGAP010268";"ASTE009645";"AFUN003155"
"AALB008784";"AATE001528";"AGAP010274";"ASTE009650";"AFUN003160"
"AALB007905";"AATE018537";"AGAP010156";"ASTE007947";"AFUN002204"
"AALB007905";"AATE018537";"AGAP010155";"ASTE007947";"AFUN002204"
"AALB007904";"AATE004435";"AGAP013762";"ASTE007948";"AFUN002205"
"AALB007904";"AATE004435";"AGAP013739";"ASTE007948";"AFUN002205"
"AALB007519";"AATE016034";"AGAP004799";"ASTE006091";"AFUN006794"
"AALB004740";"AATE014733";"AGAP004882";"ASTE007971";"AFUN006760"
"AALB003695";"AATE012894";"AGAP004750";"ASTE003610";"AFUN000448"
"AALB004743";"AATE005511";"AGAP004885";"ASTE007968";"AFUN006764"
"AALB007563";"AATE009159";"AGAP004769";"ASTE003591";"AFUN010974"
"AALB004817";"AATE002124";"AGAP005392";"ASTE000554";"AFUN000437"
"AALB004741";"AATE015801";"AGAP004883";"ASTE007970";"AFUN006762"
"AALB004741";"AATE015851";"AGAP004883";"ASTE007970";"AFUN006762"
"AALB001275";"AATE010804";"AGAP010261";"ASTE009639";"AFUN003148"
"AALB004183";"AATE007843";"AGAP005246";"ASTE008411";"AFUN006047"
"AALB004183";"AATE007843";"AGAP005246";"ASTE007248";"AFUN006047"
"AALB004183";"AATE012698";"AGAP005246";"ASTE008411";"AFUN006047"
"AALB004183";"AATE012698";"AGAP005246";"ASTE007248";"AFUN006047"
"AALB007513";"AATE005479";"AGAP004791";"ASTE006084";"AFUN010952"
"AALB007513";"AATE005479";"AGAP004789";"ASTE006084";"AFUN010952"
"AALB004635";"AATE001717";"AGAP007019";"ASTE008320";"AFUN000585"
"AALB004628";"AATE019754";"AGAP005635";"ASTE009545";"AFUN004865"
"AALB004730";"AATE014645";"AGAP004873";"ASTE007980";"AFUN006749"
"AALB003694";"AATE000831";"AGAP004749";"ASTE003609";"AFUN000449"
"AALB006800";"AATE002273";"AGAP004208";"ASTE001322";"AFUN008171"
"AALB004496";"AATE009553";"AGAP028447";"ASTE009584";"AFUN007006"
"AALB002927";"AATE007043";"AGAP010292";"ASTE009665";"AFUN003177"
"AALB002927";"AATE007043";"AGAP010292";"ASTE009665";"AFUN003176"
"AALB007516";"AATE007454";"AGAP004795";"ASTE006088";"AFUN006798"
"AALB004621";"AATE003970";"AGAP005625";"ASTE009534";"AFUN008995"
"AALB002934";"AATE002315";"AGAP010279";"ASTE009655";"AFUN003165"
"AALB001279";"AATE008286";"AGAP010266";"ASTE009643";"AFUN003153"
"AALB001279";"AATE011358";"AGAP010266";"ASTE009643";"AFUN003153"
"AALB007470";"AATE014604";"AGAP004766";"ASTE003596";"AFUN010978"
"AALB007845";"AATE005317";"AGAP010200";"ASTE005499";"AFUN001889"
"AALB002937";"AATE009132";"AGAP010286";"ASTE009661";"AFUN003171"
"AALB007873";"AATE003027";"AGAP012756";"ASTE003703";"AFUN001915"
"AALB007873";"AATE003027";"AGAP010224";"ASTE003703";"AFUN001915"
"AALB004626";"AATE008972";"AGAP012896";"ASTE009541";"AFUN004860"
"AALB004626";"AATE008972";"AGAP005632";"ASTE009541";"AFUN004860"
"AALB004864";"AATE012085";"AGAP004827";"ASTE008027";"AFUN008012"
"AALB004864";"AATE012085";"AGAP004827";"ASTE008027";"AFUN011176"
"AALB007838";"AATE010647";"AGAP010172";"ASTE000013";"AFUN002221"
"AALB007924";"AATE001374";"AGAP010115";"ASTE009108";"AFUN000060"
"AALB014148";"AATE006236";"AGAP010253";"ASTE010962";"AFUN003140"
"AALB007466";"AATE011237";"AGAP004775";"ASTE003587";"AFUN010971"
"AALB004819";"AATE004610";"AGAP005699";"ASTE006799";"AFUN000333"
"AALB004618";"AATE009823";"AGAP005623";"ASTE009532";"AFUN008997"
"AALB001286";"AATE001155";"AGAP010251";"ASTE010960";"AFUN003138"
"AALB015552";"AATE015154";"AGAP005656";"ASTE016008";"AFUN004884"
"AALB008796";"AATE016702";"AGAP010290";"ASTE009664";"AFUN003175"
"AALB015757";"AATE001892";"AGAP010207";"ASTE005507";"AFUN016037"
"AALB007897";"AATE006577";"AGAP010164";"ASTE007956";"AFUN002214"
"AALB004737";"AATE006602";"AGAP004879";"ASTE007974";"AFUN006757"
"AALB007524";"AATE016229";"AGAP004805";"ASTE006097";"AFUN006789"
"AALB001282";"AATE014292";"AGAP010273";"ASTE009649";"AFUN003159"
"AALB004338";"AATE021139";"AGAP005242";"ASTE002997";"AFUN010122"
"AALB003229";"AATE005396";"AGAP000647";"ASTE008002";"AFUN008498"
"AALB003229";"AATE005396";"AGAP004851";"ASTE008002";"AFUN008498"
"AALB007288";"AATE014126";"AGAP005075";"ASTE007183";"AFUN008949"
"AALB004750";"AATE012935";"AGAP004892";"ASTE006120";"AFUN006771"
"AALB004750";"AATE012935";"AGAP004892";"ASTE011346";"AFUN006771"
"AALB002931";"AATE015556";"AGAP010276";"ASTE009652";"AFUN003162"
"AALB001287";"AATE004031";"AGAP010252";"ASTE010961";"AFUN003139"
"AALB007919";"AATE019327";"AGAP010135";"ASTE007930";"AFUN002188"
"AALB004759";"AATE002906";"AGAP004819";"ASTE006110";"AFUN006779"
"AALB007929";"AATE019794";"AGAP010108";"ASTE009104";"AFUN000065"
"AALB007929";"AATE019794";"AGAP010121";"ASTE009104";"AFUN000065"
"AALB007929";"AATE019794";"AGAP010104";"ASTE009104";"AFUN000065"
"AALB007929";"AATE019794";"AGAP010102";"ASTE009104";"AFUN000065"
"AALB007929";"AATE019794";"AGAP010107";"ASTE009104";"AFUN000065"
"AALB007929";"AATE019794";"AGAP010105";"ASTE009104";"AFUN000065"
"AALB007929";"AATE019794";"AGAP010106";"ASTE009104";"AFUN000065"
"AALB007929";"AATE019794";"AGAP010103";"ASTE009104";"AFUN000065"
"AALB007929";"AATE019794";"AGAP010108";"ASTE009104";"AFUN000066"
"AALB007929";"AATE019794";"AGAP010121";"ASTE009104";"AFUN000066"
"AALB007929";"AATE019794";"AGAP010104";"ASTE009104";"AFUN000066"
"AALB007929";"AATE019794";"AGAP010102";"ASTE009104";"AFUN000066"
"AALB007929";"AATE019794";"AGAP010107";"ASTE009104";"AFUN000066"
"AALB007929";"AATE019794";"AGAP010105";"ASTE009104";"AFUN000066"
"AALB007929";"AATE019794";"AGAP010106";"ASTE009104";"AFUN000066"
"AALB007929";"AATE019794";"AGAP010103";"ASTE009104";"AFUN000066"
"AALB007929";"AATE019794";"AGAP010108";"ASTE009103";"AFUN000065"
"AALB007929";"AATE019794";"AGAP010121";"ASTE009103";"AFUN000065"
"AALB007929";"AATE019794";"AGAP010104";"ASTE009103";"AFUN000065"
"AALB007929";"AATE019794";"AGAP010102";"ASTE009103";"AFUN000065"
"AALB007929";"AATE019794";"AGAP010107";"ASTE009103";"AFUN000065"
"AALB007929";"AATE019794";"AGAP010105";"ASTE009103";"AFUN000065"
"AALB007929";"AATE019794";"AGAP010106";"ASTE009103";"AFUN000065"
"AALB007929";"AATE019794";"AGAP010103";"ASTE009103";"AFUN000065"
"AALB007929";"AATE019794";"AGAP010108";"ASTE009103";"AFUN000066"
"AALB007929";"AATE019794";"AGAP010121";"ASTE009103";"AFUN000066"
"AALB007929";"AATE019794";"AGAP010104";"ASTE009103";"AFUN000066"
"AALB007929";"AATE019794";"AGAP010102";"ASTE009103";"AFUN000066"
"AALB007929";"AATE019794";"AGAP010107";"ASTE009103";"AFUN000066"
"AALB007929";"AATE019794";"AGAP010105";"ASTE009103";"AFUN000066"
"AALB007929";"AATE019794";"AGAP010106";"ASTE009103";"AFUN000066"
"AALB007929";"AATE019794";"AGAP010103";"ASTE009103";"AFUN000066"
"AALB007929";"AATE019794";"AGAP010108";"ASTE009101";"AFUN000065"
"AALB007929";"AATE019794";"AGAP010121";"ASTE009101";"AFUN000065"
"AALB007929";"AATE019794";"AGAP010104";"ASTE009101";"AFUN000065"
"AALB007929";"AATE019794";"AGAP010102";"ASTE009101";"AFUN000065"
"AALB007929";"AATE019794";"AGAP010107";"ASTE009101";"AFUN000065"
"AALB007929";"AATE019794";"AGAP010105";"ASTE009101";"AFUN000065"
"AALB007929";"AATE019794";"AGAP010106";"ASTE009101";"AFUN000065"
"AALB007929";"AATE019794";"AGAP010103";"ASTE009101";"AFUN000065"
"AALB007929";"AATE019794";"AGAP010108";"ASTE009101";"AFUN000066"
"AALB007929";"AATE019794";"AGAP010121";"ASTE009101";"AFUN000066"
"AALB007929";"AATE019794";"AGAP010104";"ASTE009101";"AFUN000066"
"AALB007929";"AATE019794";"AGAP010102";"ASTE009101";"AFUN000066"
"AALB007929";"AATE019794";"AGAP010107";"ASTE009101";"AFUN000066"
"AALB007929";"AATE019794";"AGAP010105";"ASTE009101";"AFUN000066"
"AALB007929";"AATE019794";"AGAP010106";"ASTE009101";"AFUN000066"
"AALB007929";"AATE019794";"AGAP010103";"ASTE009101";"AFUN000066"
"AALB007903";"AATE015365";"AGAP010157";"ASTE007949";"AFUN002207"
"AALB007903";"AATE015365";"AGAP010157";"ASTE007949";"AFUN002206"
"AALB004337";"AATE011863";"AGAP005243";"ASTE002995";"AFUN010124"
"AALB008798";"AATE004737";"AGAP012463";"ASTE009677";"AFUN008188"
"AALB007893";"AATE015413";"AGAP010249";"ASTE010958";"AFUN003136"
"AALB004345";"AATE010896";"AGAP005234";"ASTE003004";"AFUN010114"
"AALB004309";"AATE001329";"AGAP004848";"ASTE008006";"AFUN008501"
"AALB004165";"AATE001426";"AGAP004855";"ASTE007999";"AFUN008495"
"AALB004165";"AATE001426";"AGAP004855";"ASTE007999";"AFUN008494"
"AALB004620";"AATE009944";"AGAP005624";"ASTE009533";"AFUN008996"
"AALB007477";"AATE010427";"AGAP004703";"ASTE003656";"AFUN000496"
"AALB004636";"AATE008317";"AGAP007018";"ASTE008319";"AFUN000586"
"AALB004624";"AATE007011";"AGAP005629";"ASTE009538";"AFUN004857"
"AALB004745";"AATE008296";"AGAP004887";"ASTE011341";"AFUN006766"
"AALB004849";"AATE021017";"AGAP004867";"ASTE007986";"AFUN008382"
"AALB002923";"AATE002259";"AGAP012499";"ASTE003693";"AFUN006508"
"AALB007876";"AATE020467";"AGAP010230";"ASTE003698";"AFUN001919"
"AALB004747";"AATE019447";"AGAP004889";"ASTE011343";"AFUN006768"
"AALB005541";"AATE004263";"AGAP005680";"ASTE009582";"AFUN007004"
"AALB004818";"AATE005845";"AGAP005391";"ASTE000553";"AFUN000436"
"AALB007805";"AATE018486";"AGAP004745";"ASTE003606";"AFUN000452"
"AALB004498";"AATE001733";"AGAP005683";"ASTE009586";"AFUN007009"
"AALB007640";"AATE001483";"AGAP000885";"ASTE000360";"AFUN007294"
"AALB004758";"AATE000103";"AGAP004820";"ASTE006111";"AFUN006778"
"AALB007525";"AATE004655";"AGAP012529";"ASTE006098";"AFUN006788"
"AALB007879";"AATE016948";"AGAP010235";"ASTE010942";"AFUN003120"
"AALB007514";"AATE012061";"AGAP004793";"ASTE006086";"AFUN006800"
"AALB007918";"AATE015527";"AGAP010137";"ASTE007931";"AFUN002189"
"AALB007918";"AATE015527";"AGAP010136";"ASTE007931";"AFUN002189"
"AALB007916";"AATE001686";"AGAP010139";"ASTE007935";"AFUN002191"
"AALB007859";"AATE007797";"AGAP010215";"ASTE003717";"AFUN001904"
"AALB004395";"AATE018375";"AGAP005282";"ASTE011151";"AFUN008466"
"AALB008777";"AATE020844";"AGAP010188";"ASTE005485";"AFUN011857"
"AALB007915";"AATE001059";"AGAP012582";"ASTE007936";"AFUN002192"
"AALB007915";"AATE001059";"AGAP010140";"ASTE007936";"AFUN002192"
"AALB007837";"AATE008026";"AGAP010170";"ASTE000010";"AFUN002219"
"AALB004499";"AATE020438";"AGAP005685";"ASTE009588";"AFUN007011"
"AALB004380";"AATE005090";"AGAP005299";"ASTE011134";"AFUN008483"
"AALB004761";"AATE003969";"AGAP004817";"ASTE006107";"AFUN006781"
"AALB004805";"AATE009555";"AGAP005401";"ASTE000564";"AFUN000447"
"AALB004397";"AATE017705";"AGAP005279";"ASTE011153";"AFUN008464"
"AALB004632";"AATE020995";"AGAP007022";"ASTE008322";"AFUN000582"
"AALB004736";"AATE012627";"AGAP004878";"ASTE007975";"AFUN006756"
"AALB015679";"AATE007826";"AGAP004860";"ASTE007996";"AFUN008491"
"AALB007920";"AATE002686";"AGAP010132";"ASTE009112";"AFUN000057"
"AALB007920";"AATE002686";"AGAP012849";"ASTE009112";"AFUN000057"
"AALB001281";"AATE013424";"AGAP010267";"ASTE009644";"AFUN003154"
"AALB004809";"AATE014931";"AGAP005399";"ASTE000561";"AFUN000443"
"AALB008773";"AATE007697";"AGAP010183";"ASTE000023";"AFUN002231"
"AALB004625";"AATE005379";"AGAP005630";"ASTE009539";"AFUN004858"
"AALB005602";"AATE018612";"AGAP028438";"ASTE010214";"AFUN008402"
"AALB005828";"AATE000969";"AGAP005658";"ASTE015979";"AFUN015908"
"AALB015715";"AATE016103";"AGAP004856";"ASTE007998";"AFUN008493"
"AALB009746";"AATE020047";"AGAP004747";"ASTE003608";"AFUN000450"
"AALB004396";"AATE004822";"AGAP005281";"ASTE011152";"AFUN008465"
"AALB007875";"AATE002566";"AGAP010229";"ASTE003699";"AFUN001918"
"AALB004321";"AATE011953";"AGAP005255";"ASTE008038";"AFUN008023"
"AALB009747";"AATE010919";"AGAP004672";"ASTE003691";"AFUN006510"
"AALB007881";"AATE016936";"AGAP010238";"ASTE010944";"AFUN003122"
"AALB004323";"AATE008497";"AGAP005252";"ASTE008769";"AFUN006054"
"AALB007900";"AATE001287";"AGAP010160";"ASTE007952";"AFUN002210"
"AALB001278";"AATE005703";"AGAP010265";"ASTE009642";"AFUN003152"
"AALB002930";"AATE006177";"AGAP010275";"ASTE009651";"AFUN003161"
"AALB001274";"AATE007621";"AGAP010260";"ASTE009638";"AFUN003147"
"AALB004853";"AATE020285";"AGAP004837";"ASTE008016";"AFUN008511"
"AALB004411";"AATE007843";"AGAP005246";"ASTE008411";"AFUN006047"
"AALB004411";"AATE007843";"AGAP005246";"ASTE007248";"AFUN006047"
"AALB004411";"AATE012698";"AGAP005246";"ASTE008411";"AFUN006047"
"AALB004411";"AATE012698";"AGAP005246";"ASTE007248";"AFUN006047"
"AALB007352";"AATE013741";"AGAP005093";"ASTE010525";"AFUN003034"
"AALB007290";"AATE005884";"AGAP005080";"ASTE010519";"AFUN003040"
"AALB004201";"AATE007843";"AGAP005246";"ASTE008411";"AFUN006047"
"AALB004201";"AATE007843";"AGAP005246";"ASTE007248";"AFUN006047"
"AALB004201";"AATE012698";"AGAP005246";"ASTE008411";"AFUN006047"
"AALB004201";"AATE012698";"AGAP005246";"ASTE007248";"AFUN006047"
"AALB002935";"AATE003804";"AGAP010280";"ASTE009656";"AFUN003167"
"AALB004325";"AATE015054";"AGAP005250";"ASTE008767";"AFUN006052"
"AALB007895";"AATE020016";"AGAP010167";"ASTE007958";"AFUN002216"
"AALB004310";"AATE013612";"AGAP004846";"ASTE008008";"AFUN008503"
"AALB007511";"AATE013921";"AGAP004787";"ASTE006081";"AFUN010955"
"AALB004734";"AATE006189";"AGAP004876";"ASTE007977";"AFUN006754"
"AALB004748";"AATE012261";"AGAP004890";"ASTE011344";"AFUN006769"
"AALB014817";"AATE018073";"AGAP010254";"ASTE010963";"AFUN003141"
"AALB004386";"AATE018343";"AGAP005292";"ASTE011140";"AFUN008475"
"AALB004386";"AATE018343";"AGAP005292";"ASTE011141";"AFUN008475"
"AALB001280";"AATE008286";"AGAP010266";"ASTE009643";"AFUN003153"
"AALB001280";"AATE011358";"AGAP010266";"ASTE009643";"AFUN003153"
"AALB007521";"AATE013672";"AGAP004801";"ASTE006093";"AFUN006792"
"AALB001288";"AATE009761";"AGAP010175";"ASTE000016";"AFUN002224"
"AALB004315";"AATE000004";"AGAP004839";"ASTE008014";"AFUN008508"
"AALB004634";"AATE007499";"AGAP007020";"ASTE008321";"AFUN000584"
"AALB004495";"AATE016152";"AGAP005681";"ASTE009583";"AFUN007005"
"AALB008800";"AATE001484";"AGAP012464";"ASTE009675";"AFUN008190"
"AALB007469";"AATE003955";"AGAP004765";"ASTE003597";"AFUN010979"
"AALB008799";"AATE000472";"AGAP010297";"ASTE009676";"AFUN008187"
"AALB004854";"AATE008822";"AGAP004835";"ASTE008017";"AFUN008512"
"AALB004374";"AATE010271";"AGAP005301";"ASTE011129";"AFUN007086"
"AALB004627";"AATE000694";"AGAP005633";"ASTE009542";"AFUN004861"
"AALB004868";"AATE005146";"AGAP005261";"ASTE008031";"AFUN008016"
"AALB008795";"AATE006054";"AGAP010289";"ASTE009663";"AFUN003173"
"AALB004760";"AATE010733";"AGAP004818";"ASTE006109";"AFUN006780"
"AALB007535";"AATE011303";"AGAP004685";"ASTE007241";"AFUN009136"
"AALB005006";"AATE010121";"AGAP007053";"ASTE008353";"AFUN007604"
"AALB007515";"AATE007670";"AGAP004794";"ASTE006087";"AFUN006799"
"AALB004804";"AATE021022";"AGAP005402";"ASTE000565";"AFUN002966"
"AALB008770";"AATE012309";"AGAP010259";"ASTE009637";"AFUN003146"
"AALB007914";"AATE010468";"AGAP010142";"ASTE007938";"AFUN002194"
"AALB004812";"AATE017022";"AGAP005397";"ASTE000559";"AFUN000441"
"AALB004820";"AATE000917";"AGAP005698";"ASTE009594";"AFUN000332"
"AALB004820";"AATE000917";"AGAP012903";"ASTE009594";"AFUN000332"
"AALB004820";"AATE000917";"AGAP005697";"ASTE009594";"AFUN000332"
"AALB004820";"AATE000917";"AGAP005698";"ASTE009594";"AFUN007020"
"AALB004820";"AATE000917";"AGAP012903";"ASTE009594";"AFUN007020"
"AALB004820";"AATE000917";"AGAP005697";"ASTE009594";"AFUN007020"
"AALB007909";"AATE014533";"AGAP010147";"ASTE007942";"AFUN002198"
"AALB004807";"AATE005674";"AGAP005400";"ASTE000563";"AFUN016029"
"AALB004763";"AATE008949";"AGAP004815";"ASTE006106";"AFUN006782"
"AALB004763";"AATE008949";"AGAP012531";"ASTE006106";"AFUN006782"
"AALB004763";"AATE008949";"AGAP012530";"ASTE006106";"AFUN006782"
"AALB003225";"AATE009040";"AGAP004854";"ASTE008000";"AFUN008496"
"AALB004728";"AATE007874";"AGAP004872";"ASTE007981";"AFUN006748"
"AALB007844";"AATE020743";"AGAP013755";"ASTE005498";"AFUN001888"
"AALB004855";"AATE006338";"AGAP004834";"ASTE008018";"AFUN011812"
"AALB004855";"AATE006338";"AGAP004834";"ASTE008019";"AFUN011812"
"AALB007861";"AATE002015";"AGAP010217";"ASTE003715";"AFUN001906"
"AALB001277";"AATE011740";"AGAP028651";"ASTE009640";"AFUN003149"
"AALB001277";"AATE011740";"AGAP010263";"ASTE009640";"AFUN003149"
"AALB004814";"AATE004134";"AGAP005396";"ASTE000557";"AFUN000440"
"AALB004368";"AATE008190";"AGAP005211";"ASTE003025";"AFUN006873"
"AALB007880";"AATE015910";"AGAP010237";"ASTE010943";"AFUN003121"
"AALB007880";"AATE015910";"AGAP010236";"ASTE010943";"AFUN003121"
"AALB004390";"AATE012333";"AGAP005288";"ASTE011145";"AFUN008470"
"AALB004324";"AATE014068";"AGAP005251";"ASTE008768";"AFUN006053"
"AALB007858";"AATE006311";"AGAP010213";"ASTE003718";"AFUN014222"
"AALB003700";"AATE002113";"AGAP000170";"ASTE008424";"AFUN002149"
"AALB004589";"AATE001426";"AGAP004855";"ASTE007999";"AFUN008495"
"AALB004589";"AATE001426";"AGAP004855";"ASTE007999";"AFUN008494"
"AALB004381";"AATE016328";"AGAP005298";"ASTE011135";"AFUN008482"
"AALB007908";"AATE002621";"AGAP010150";"ASTE007944";"AFUN002200"
"AALB007911";"AATE004206";"AGAP010145";"ASTE007940";"AFUN002196"
"AALB015553";"AATE014445";"AGAP005660";"ASTE015980";"AFUN015909"
"AALB015553";"AATE014445";"AGAP012667";"ASTE015980";"AFUN015909"
"AALB015553";"AATE014445";"AGAP012937";"ASTE015980";"AFUN015909"
"AALB015553";"AATE014445";"AGAP005657";"ASTE015980";"AFUN015909"
"AALB015553";"AATE014445";"AGAP005660";"ASTE016007";"AFUN015909"
"AALB015553";"AATE014445";"AGAP012667";"ASTE016007";"AFUN015909"
"AALB015553";"AATE014445";"AGAP012937";"ASTE016007";"AFUN015909"
"AALB015553";"AATE014445";"AGAP005657";"ASTE016007";"AFUN015909"
"AALB004318";"AATE012926";"AGAP005258";"ASTE008035";"AFUN008019"
"AALB004318";"AATE012926";"AGAP005258";"ASTE008034";"AFUN008019"
"AALB004317";"AATE007843";"AGAP005246";"ASTE008411";"AFUN006047"
"AALB004317";"AATE007843";"AGAP005246";"ASTE007248";"AFUN006047"
"AALB004317";"AATE012698";"AGAP005246";"ASTE008411";"AFUN006047"
"AALB004317";"AATE012698";"AGAP005246";"ASTE007248";"AFUN006047"
"AALB004852";"AATE000736";"AGAP004865";"ASTE007989";"AFUN008485"
"AALB004384";"AATE009692";"AGAP005294";"ASTE011138";"AFUN008478"
"AALB007894";"AATE005085";"AGAP010168";"ASTE007959";"AFUN002217"
"AALB004344";"AATE014193";"AGAP005235";"ASTE003003";"AFUN010116"
"AALB007520";"AATE000479";"AGAP004800";"ASTE006092";"AFUN006793"
"AALB004314";"AATE019516";"AGAP004838";"ASTE008015";"AFUN008509"
"AALB004314";"AATE019516";"AGAP012695";"ASTE008015";"AFUN008509"
"AALB009754";"AATE002640";"AGAP012459";"ASTE003690";"AFUN006511"
"AALB004738";"AATE013811";"AGAP004880";"ASTE007973";"AFUN006758"
"AALB004336";"AATE011863";"AGAP005243";"ASTE002995";"AFUN010124"
"AALB004391";"AATE005605";"AGAP005287";"ASTE011147";"AFUN008469"
"AALB004727";"AATE012402";"AGAP004871";"ASTE007982";"AFUN006747"
"AALB002928";"AATE000031";"AGAP012488";"ASTE003695";"AFUN012029"
"AALB002928";"AATE000031";"AGAP012452";"ASTE003695";"AFUN012029"
"AALB002928";"AATE000031";"AGAP028650";"ASTE003695";"AFUN012029"
"AALB002928";"AATE000031";"AGAP012488";"ASTE003695";"AFUN011861"
"AALB002928";"AATE000031";"AGAP012452";"ASTE003695";"AFUN011861"
"AALB002928";"AATE000031";"AGAP028650";"ASTE003695";"AFUN011861"
"AALB002928";"AATE000031";"AGAP012488";"ASTE003694";"AFUN012029"
"AALB002928";"AATE000031";"AGAP012452";"ASTE003694";"AFUN012029"
"AALB002928";"AATE000031";"AGAP028650";"ASTE003694";"AFUN012029"
"AALB002928";"AATE000031";"AGAP012488";"ASTE003694";"AFUN011861"
"AALB002928";"AATE000031";"AGAP012452";"ASTE003694";"AFUN011861"
"AALB002928";"AATE000031";"AGAP028650";"ASTE003694";"AFUN011861"
"AALB004873";"AATE004841";"AGAP004861";"ASTE007995";"AFUN008490"
"AALB007910";"AATE019977";"AGAP010146";"ASTE007941";"AFUN002197"
"AALB008801";"AATE017272";"AGAP010308";"ASTE009674";"AFUN008191"
"AALB004394";"AATE001444";"AGAP005283";"ASTE011150";"AFUN008467"
"AALB010539";"AATE001426";"AGAP004855";"ASTE007999";"AFUN008495"
"AALB010539";"AATE001426";"AGAP004855";"ASTE007999";"AFUN008494"
"AALB004811";"AATE004441";"AGAP005398";"ASTE000560";"AFUN000442"
"AALB004633";"AATE002694";"AGAP007021";"ASTE008323";"AFUN000583"
"AALB004871";"AATE004048";"AGAP004864";"ASTE007990";"AFUN008487"
"AALB004871";"AATE004048";"AGAP004864";"ASTE007990";"AFUN008486"
"AALB015716";"AATE001426";"AGAP004855";"ASTE007999";"AFUN008495"
"AALB015716";"AATE001426";"AGAP004855";"ASTE007999";"AFUN008494"
"AALB015842";"AATE020939";"AGAP010214";"ASTE003716";"AFUN001903"
"AALB004399";"AATE006192";"AGAP005277";"ASTE011157";"AFUN008461"
"AALB004307";"AATE011099";"AGAP004850";"ASTE008003";"AFUN008499"
"AALB008199";"AATE005937";"AGAP001754";"ASTE007154";"AFUN008105"
"AALB004388";"AATE015396";"AGAP005290";"ASTE011143";"AFUN008473"
"AALB004869";"AATE003765";"AGAP005260";"ASTE008032";"AFUN008017"
"AALB009750";"AATE000869";"AGAP004692";"ASTE003673";"AFUN006528"
"AALB007927";"AATE004370";"AGAP010109";"ASTE009105";"AFUN000063"
"AALB007927";"AATE004370";"AGAP010124";"ASTE009105";"AFUN000063"
"AALB007927";"AATE004370";"AGAP010123";"ASTE009105";"AFUN000063"
"AALB007927";"AATE019312";"AGAP010109";"ASTE009105";"AFUN000063"
"AALB007927";"AATE019312";"AGAP010124";"ASTE009105";"AFUN000063"
"AALB007927";"AATE019312";"AGAP010123";"ASTE009105";"AFUN000063"
"AALB007888";"AATE016752";"AGAP010245";"ASTE010952";"AFUN003130"
"AALB002933";"AATE004489";"AGAP010278";"ASTE009654";"AFUN003164"
"AALB008782";"AATE000960";"AGAP010192";"ASTE005489";"AFUN001878"
"AALB003690";"AATE002972";"AGAP005070";"ASTE009140";"AFUN008956"
"AALB005603";"AATE007111";"AGAP005066";"ASTE009201";"AFUN009902"
"AALB005603";"AATE007111";"AGAP012656";"ASTE009201";"AFUN009902"
"AALB003226";"AATE009573";"AGAP004852";"ASTE008001";"AFUN008497"
"AALB004329";"AATE007843";"AGAP005246";"ASTE008411";"AFUN006047"
"AALB004329";"AATE007843";"AGAP005246";"ASTE007248";"AFUN006047"
"AALB004329";"AATE012698";"AGAP005246";"ASTE008411";"AFUN006047"
"AALB004329";"AATE012698";"AGAP005246";"ASTE007248";"AFUN006047"
"AALB007468";"AATE018266";"AGAP004772";"ASTE003590";"AFUN010973"
